Workbook
Name ACTION: #REF!
Name Excel_BuiltIn__FilterDatabase: Module1!$A$8:$H$16
Name Excel_BuiltIn__FilterDatabase: Module2!$A$8:$H$15

Sheet Cover
C2: TEST CASE
B4: Project Name | C4: Website bán quần áo tích hợp chatbot | F4: Creator | G4: Sinh viên kiểm thử
B5: Project Code | C5: WCB | F5: Reviewer/Approver | G5: GV hướng dẫn
B6: Document Code | C6: WCB_SYSTEM_TC_v1.0 | F6: Issue Date | G6: 18-12-2025
F7: Version | G7: v1.0
B10: Record of change
B11: Effective Date | C11: Version | D11: Change Item | E11: *A,D,M | F11: Change description | G11: Reference
B12: 18-12-2025 | C12: v1.0 | D12: A | E12: Tạo mới tài liệu test case | F12: Tài liệu yêu cầu/Use Case | G12: <List of documents which are referred in this version.>

Sheet Test case List
D1: TEST CASE LIST
B3: Project Name | D3: =Cover!C4 -> Website bán quần áo tích hợp chatbot
B4: Project Code | D4: =Cover!C5 -> WCB
B5: Test Environment Setup Description | D5: Môi trường kiểm thử (giả định): 1. Server: Windows 10/11, IIS 2. Backend: ASP.NET MVC (.NET Framework) 3. Database: Microsoft SQL Server 2008 R2 4. Browser: Chrome/Edge (Desktop), Chrome (Android) 5. Thanh toán: VNPAY Sandbox 6. Chatbot: Dialogflow Messenger
B8: No | C8: Function Name | D8: Sheet Name | E8: Description | F8: Pre-Condition
B9: 1 | C9: Chức năng Khách hàng (Front-end) | D9: Module1 | E9: Xem SP, tìm kiếm, tài khoản, giỏ hàng, đặt hàng, thanh toán, liên hệ, chatbot | F9: Có dữ liệu sản phẩm & danh mục
B10: 2 | C10: Chức năng Quản trị (Admin/Back-end) | D10: Module2 | E10: Đăng nhập admin, quản lý danh mục/sản phẩm/thành viên/đơn hàng/bình luận/báo cáo/chatbot | F10: Có tài khoản Admin; có dữ liệu đơn hàng
D11: Module1!B17
D12: Module2!B10
D13: Module2!B14

Sheet Module1
A2: Module Code | B2: ST-CUS | J2: Pass
A3: Test requirement | B3: System Test - Luồng chức năng phía khách hàng | J3: Fail
A4: Tester | B4: Tester: Sinh viên
A5: Pass | B5: Fail | C5: Untested | D5: N/A | E5: Number of Test cases | J5: Untesed
A6: =COUNTIF(F9:F998,"Pass") -> 17 | B6: =COUNTIF(F9:F998,"Fail") -> 5 | C6: =E6-D6-B6-A6 -> 0 | D6: =COUNTIF(F$9:F$998,"N/A") -> 0 | E6: =COUNTA(A9:A998) -> 22 | J6: N/A
A8: ID | B8: Test Case Description | C8: Test Case Procedure | D8: Expected Output | E8: Test data | F8: Result | G8: Test data | H8: Description
A9: ST-CUS-01 | B9: Truy cập trang chủ | C9: 1. Mở URL trang chủ 2. Quan sát danh mục & danh sách sản phẩm hiển thị | D9: Trang chủ tải thành công (HTTP 200), hiển thị danh mục/sản phẩm, không lỗi giao diện/JS. | E9: URL: / | F9: Pass | G9: Trang chủ hiển thị bình thường | H9: OK
A10: ST-CUS-02 | B10: Xem danh sách sản phẩm theo danh mục | C10: 1. Từ trang chủ chọn 1 danh mục 2. Kiểm tra danh sách sản phẩm | D10: Hiển thị đúng danh sách sản phẩm thuộc danh mục đã chọn; phân trang hoạt động. | E10: Danh mục có ≥ 1 sản phẩm | F10: Pass | G10: Hiển thị đúng danh sách | H10: OK
A11: ST-CUS-03 | B11: Xem chi tiết sản phẩm | C11: 1. Chọn 1 sản phẩm trong danh sách 2. Kiểm tra thông tin chi tiết | D11: Trang chi tiết hiển thị đúng: tên, giá, ảnh, mô tả; có nút Thêm vào giỏ. | E11: 1 sản phẩm bất kỳ | F11: Pass | G11: Hiển thị đầy đủ thông tin | H11: OK
A12: ST-CUS-04 | B12: Tìm kiếm sản phẩm theo từ khóa | C12: 1. Vào trang tìm kiếm 2. Nhập từ khóa hợp lệ 3. Nhấn tìm kiếm | D12: Trả về danh sách sản phẩm đúng theo từ khóa; không có lỗi hệ thống. | E12: keyword='áo' (hoặc từ khóa có trong DB) | F12: Pass | G12: Tìm thấy sản phẩm phù hợp | H12: OK
A13: ST-CUS-05 | B13: Tìm kiếm với ký tự đặc biệt | C13: 1. Nhập từ khóa chứa ký tự đặc biệt 2. Nhấn tìm kiếm | D13: Hệ thống không lỗi 500; xử lý input an toàn; trả về kết quả/không tìm thấy hợp lệ. | E13: keyword="%'_\"<>" | F13: Pass | G13: Không lỗi, trả về 0 kết quả | H13: OK
A14: ST-ACC-01 | B14: Đăng ký tài khoản mới | C14: 1. Vào trang đăng ký 2. Nhập username/email hợp lệ 3. Submit | D14: Tạo tài khoản thành công; thông báo thành công; có thể đăng nhập/hoặc yêu cầu kích hoạt theo thiết kế. | E14: username=test01, email=test01@mail.com, pass=Test@123 | F14: Pass | G14: Tạo tài khoản thành công | H14: OK
A15: ST-ACC-02 | B15: Đăng nhập tài khoản hợp lệ | C15: 1. Vào trang đăng nhập 2. Nhập đúng username/password 3. Submit | D15: Đăng nhập thành công; hiển thị đúng trạng thái đăng nhập (tên user). | E15: username=test01, pass=Test@123 | F15: Pass | G15: Đăng nhập thành công | H15: OK
A16: ST-ACC-03 | B16: Đăng nhập sai mật khẩu | C16: 1. Vào trang đăng nhập 2. Nhập đúng username nhưng sai password 3. Submit | D16: Không đăng nhập; hiển thị thông báo lỗi phù hợp. | E16: username=test01, pass=Wrong@123 | F16: Pass | G16: Hiển thị thông báo sai mật khẩu | H16: OK
A17: ST-CART-01 | B17: Thêm sản phẩm vào giỏ khi CHƯA đăng nhập (theo yêu cầu khách vãng lai) | C17: 1. Đăng xuất/không đăng nhập 2. Vào chi tiết sản phẩm 3. Nhấn 'Thêm vào giỏ' | D17: Sản phẩm được thêm vào giỏ; giỏ hàng hiển thị đúng (không bắt buộc đăng nhập). | E17: 1 sản phẩm bất kỳ | F17: Fail | G17: Hệ thống chuyển hướng /admin (yêu cầu có username) | H17: SYS-BUG-001: Giỏ hàng/đặt hàng yêu cầu đăng nhập (khách vãng lai bị chuyển /admin hoặc 404)
A18: ST-CART-02 | B18: Xem giỏ hàng khi CHƯA đăng nhập | C18: 1. Không đăng nhập 2. Truy cập /gio-hang | D18: Trang giỏ hàng hiển thị; cho phép xem/cập nhật/xóa item. | E18: URL: /gio-hang | F18: Fail | G18: Hiển thị trang Error_404 do username rỗng | H18: SYS-BUG-001: Giỏ hàng/đặt hàng yêu cầu đăng nhập (khách vãng lai bị chuyển /admin hoặc 404)
A19: ST-CART-03 | B19: Thêm sản phẩm vào giỏ khi ĐÃ đăng nhập | C19: 1. Đăng nhập 2. Vào chi tiết sản phẩm 3. Nhấn 'Thêm vào giỏ' 4. Vào /gio-hang | D19: Sản phẩm xuất hiện trong giỏ; số lượng đúng; tổng tiền tính đúng. | E19: User=test01; Sản phẩm A; qty=1 | F19: Pass | G19: Sản phẩm xuất hiện trong giỏ | H19: OK
... A30: ST-BOT-02 | B30: Chatbot fallback khi không hiểu | C30: 1. Mở chatbot 2. Nhập câu vô nghĩa 3. Quan sát phản hồi | D30: Chatbot trả lời fallback/unknown lịch sự, hướng dẫn nhập lại. | E30: Input: 'asdasd qweqwe' | F30: Pass | G30: Bot trả lời không hiểu | H30: OK

Sheet Module2
A2: Module Code | B2: ST-ADM | J2: Pass
A3: Test requirement | B3: System Test - Luồng chức năng quản trị | J3: Fail
A4: Tester | B4: Tester: Sinh viên
A5: Pass | B5: Fail | C5: Untested | D5: N/A | E5: Number of Test cases | J5: Untesed
A6: =COUNTIF(F10:F998,"Pass") -> 16 | B6: =COUNTIF(F10:F998,"Fail") -> 1 | C6: =E6-D6-B6-A6 -> 0 | D6: =COUNTIF(F$10:F$998,"N/A") -> 0 | E6: =COUNTA(A10:A998) -> 17 | J6: N/A
A8: ID | B8: Test Case Description | C8: Test Case Procedure | D8: Expected Output | E8: Inter-test case Dependence | F8: Result | G8: Test date | H8: Note
A10: ST-ADM-01 | B10: Đăng nhập Admin | C10: 1. Truy cập /admin 2. Nhập tài khoản admin hợp lệ 3. Đăng nhập | D10: Vào trang quản trị thành công; hiển thị menu quản trị. | E10: - | F10: Pass | G10: 18-12-2025 | H10: OK
A11: ST-ADM-02 | B11: Phân quyền: user thường không truy cập được trang admin | C11: 1. Đăng nhập bằng user thường 2. Truy cập URL admin (vd /WOrder/Index) 3. Quan sát | D11: Bị chặn/redirect về trang đăng nhập; không hiển thị dữ liệu admin. | E11: - | F11: Pass | G11: 18-12-2025 | H11: OK
A12: ST-ADM-03 | B12: Thêm danh mục sản phẩm | C12: 1. Admin đăng nhập 2. Vào Quản lý danh mục 3. Nhấn Thêm 4. Nhập dữ liệu hợp lệ 5. Lưu | D12: Danh mục mới xuất hiện trong danh sách; có thể dùng trên trang khách. | E12: ST-ADM-01 | F12: Pass | G12: 18-12-2025 | H12: OK
A13: ST-ADM-04 | B13: Sửa danh mục sản phẩm | C13: 1. Admin đăng nhập 2. Chọn 1 danh mục 3. Sửa tên 4. Lưu | D13: Danh mục cập nhật thành công; dữ liệu hiển thị đúng sau refresh. | E13: ST-ADM-01 | F13: Pass | G13: 18-12-2025 | H13: OK
A14: ST-ADM-05 | B14: Xóa danh mục sản phẩm | C14: 1. Admin đăng nhập 2. Chọn 1 danh mục 3. Nhấn Xóa 4. Xác nhận | D14: Danh mục bị xóa/ẩn; không còn hiển thị trong danh sách. | E14: ST-ADM-01 | F14: Pass | G14: 18-12-2025 | H14: OK
A15: ST-ADM-06 | B15: Thêm sản phẩm | C15: 1. Admin đăng nhập 2. Vào Quản lý sản phẩm 3. Thêm sản phẩm 4. Lưu | D15: Sản phẩm mới xuất hiện trong danh sách; hiển thị ở trang khách. | E15: ST-ADM-01 | F15: Pass | G15: 18-12-2025 | H15: OK
A16: ST-ADM-07 | B16: Sửa sản phẩm | C16: 1. Admin đăng nhập 2. Chọn 1 sản phẩm 3. Sửa giá/tên 4. Lưu | D16: Sản phẩm cập nhật đúng; trang khách cập nhật theo. | E16: ST-ADM-01 | F16: Pass | G16: 18-12-2025 | H16: OK
A17: ST-ADM-08 | B17: Xóa sản phẩm | C17: 1. Admin đăng nhập 2. Chọn 1 sản phẩm 3. Xóa 4. Xác nhận | D17: Sản phẩm bị xóa/ẩn; không còn hiển thị ở trang khách. | E17: ST-ADM-01 | F17: Pass | G17: 18-12-2025 | H17: OK
A18: ST-ADM-09 | B18: Xem danh sách đơn hàng | C18: 1. Admin đăng nhập 2. Vào Quản lý đơn hàng 3. Kiểm tra danh sách | D18: Hiển thị danh sách đơn; có thể xem chi tiết. | E18: ST-ADM-01; Có đơn hàng tồn tại | F18: Pass | G18: 18-12-2025 | H18: OK
A19: ST-ADM-10 | B19: Xác nhận đơn hàng (Confirm) | C19: 1. Admin vào chi tiết đơn 2. Nhấn Xác nhận 3. Kiểm tra trạng thái | D19: Trạng thái đơn chuyển sang 'Đã xác nhận' (Confirm). | E19: ST-ADM-09 | F19: Pass | G19: 18-12-2025 | H19: OK
A20: ST-ADM-11 | B20: Từ chối/Hủy đơn hàng (Reject) | C20: 1. Admin vào chi tiết đơn 2. Nhấn Từ chối/Hủy 3. Kiểm tra trạng thái | D20: Trạng thái đơn chuyển sang 'Từ chối' (Reject) hoặc tương đương; đơn không còn ở luồng xử lý. | E20: ST-ADM-09 | F20: Pass | G20: 18-12-2025 | H20: OK
... A26: ST-ADM-17 | B26: Đăng xuất Admin | C26: 1. Admin đang đăng nhập 2. Nhấn 'Đăng xuất' 3. Truy cập lại URL admin | D26: Đăng xuất thành công; truy cập admin yêu cầu đăng nhập lại. | E26: ST-ADM-01 | F26: Pass | G26: 18-12-2025 | H26: OK

Sheet Test Report
B1: TEST REPORT
B3: Project Name | C3: Website bán quần áo tích hợp chatbot | E3: Sinh viên kiểm thử
B4: Project Code | C4: WCB | E4: GV hướng dẫn
B5: Document Code | C5: WCB_SYSTEM_TR_v1.0 | E5: 18-12-2025 | H5: <Date when this test report is created>
B6: Notes | C6: Release/Scope: System Test cho website bán quần áo (Front-end + Admin).
B10: No | C10: Module code | D10: Pass | E10: Fail | F10: Untested | G10: N/A | H10: Number of test cases
B11: 1 | C11: =Module1!B2 -> ST-CUS | D11: =Module1!A6 -> 17 | E11: =Module1!B6 -> 5 | F11: =Module1!C6 -> 0 | G11: =Module1!D6 -> 0 | H11: =Module1!E6 -> 22
B12: 2 | C12: =Module2!B2 -> ST-ADM | D12: =Module2!A6 -> 16 | E12: =Module2!B6 -> 1 | F12: =Module2!C6 -> 0 | G12: =Module2!D6 -> 0 | H12: =Module2!E6 -> 17
C14: Sub total | D14: =SUM(D9:D13) -> 33 | E14: =SUM(E9:E13) -> 6 | F14: =SUM(F9:F13) -> 0 | G14: =SUM(G9:G13) -> 0 | H14: =SUM(H9:H13) -> 39
C16: Test coverage | E16: =(D14+E14)*100/(H14-G14) -> 100 | F16: %
C17: Test successful coverage | E17: =D14*100/(H14-G14) -> 84.615385 | F17: %
